--TABLA DIRECCIONES
INSERT INTO DIRECCIONES VALUES(1,99200,'ZACATECAS','VALPARAÍSO','ALAMEDA',125,NULL);
INSERT INTO DIRECCIONES VALUES(2,99259,'ZACATECAS','VALPARAÍSO','SAN JUAN',201,NULL);
INSERT INTO DIRECCIONES VALUES(3,99200,'ZACATECAS','VALPARAÍSO','ATOTONILCO',101,NULL);
INSERT INTO DIRECCIONES VALUES(4,98077,'ZACATECAS','ZACATECAS','CENTRO',345,21);
INSERT INTO DIRECCIONES VALUES(5,98123,'ZACATECAS','ZACATECAS','VILLAS',232,32);
INSERT INTO DIRECCIONES VALUES(6,99200,'ZACATECAS','VALPARAÍSO','VILLAS DEL SOL',111,NULL);
INSERT INTO DIRECCIONES VALUES(7,99200,'ZACATECAS','VALPARAISO','FLORES MAGON',194,23);
INSERT INTO DIRECCIONES VALUES(8,98123,'ZACATECAS','ZACATECAS','BENITO JUAREZ',169,NULL);
INSERT INTO DIRECCIONES VALUES(9,98099,'ZACATECAS','ZACATECAS','ZAPATA',147,NULL);
INSERT INTO DIRECCIONES VALUES(10,99200,'ZACATECAS','VALPARAISO','ZAPATA',200,NULL);

--TABLA CLIENTES
INSERT INTO CLIENTES VALUES('ALEX23','32XELA','ALEXIS','IBARRA',30,'ALEXIS@GMAIL.COM');
INSERT INTO CLIENTES VALUES('pascualll134','ISDB782YHE','Pascual','Bonilla',25,'pascual@gmail.com');
INSERT INTO CLIENTES VALUES('jaunito1','IUKGF75UFU','Juan','Felix',20,'juan@gmail.com');
INSERT INTO CLIENTES VALUES('pedroGon32','57UTF75TUFTV','Pedro','Gonzalez',32,'pedro@gmail.com');
INSERT INTO CLIENTES VALUES('mArIa34','75TF7FNB86','Maria','Gonzalez',40,'maria@gmail.com');
INSERT INTO CLIENTES VALUES('FDKJBV','AOKVFI2','FERNANDO','ESCALANTE',20,'FERESQ@GMAIL.COM');

--TABLA CLIENTE_DIRECCIONES
INSERT INTO CLIENTE_DIRECCIONES VALUES('ALEX23',1);
INSERT INTO CLIENTE_DIRECCIONES VALUES('pascualll134',2);
INSERT INTO CLIENTE_DIRECCIONES VALUES('jaunito1',3);
INSERT INTO CLIENTE_DIRECCIONES VALUES('pedroGon32',4);
INSERT INTO CLIENTE_DIRECCIONES VALUES('mArIa34',3);

--TABLA ALMACENES
INSERT INTO ALMACENES VALUES(1,'ALMACEN 1',5);
INSERT INTO ALMACENES VALUES(2,'ALMACEN 2',6);
INSERT INTO ALMACENES VALUES(3,'ALMACEN 3',7);
INSERT INTO ALMACENES VALUES(4,'ALMACEN 4',8);
INSERT INTO ALMACENES VALUES(5,'ALMACEN 5',9);

--TABLA PRODUCTOS
INSERT INTO PRODUCTOS VALUES('A3H2J4H2H3J2','Sabritas','Cheetos poffs','Sabritas',11.5);
INSERT INTO PRODUCTOS VALUES('H3J26DGHE3G2','Coca-Cola','Coca-Cola','600ml',14);
INSERT INTO PRODUCTOS VALUES('J3J4J2JD8FJ3','Gamesa','Gansito','Pan con chocolate',15);
INSERT INTO PRODUCTOS VALUES('5DG35SJ57SJ4','Gamesa','Pinguinos','Pan con chocolate',20);
INSERT INTO PRODUCTOS VALUES('H47SH36SL5G8','Jumex','Jugo Manzana','Jugo de manzana de 500ml',15);
INSERT INTO PRODUCTOS VALUES('V83GVB36GBIE','ELECTROLIT','SUERO COCO','SUERO DE COCO',20);

--TABLA ALMACENA
INSERT INTO ALMACENA VALUES(1,'A3H2J4H2H3J2',1500);
INSERT INTO ALMACENA VALUES(2,'H3J26DGHE3G2',500);
INSERT INTO ALMACENA VALUES(3,'J3J4J2JD8FJ3',600);
INSERT INTO ALMACENA VALUES(4,'5DG35SJ57SJ4',900);
INSERT INTO ALMACENA VALUES(5,'H47SH36SL5G8',450);

--TABLA CATEGORIAS
INSERT INTO CATEGORIAS VALUES('Bebidas','Todo tipo de bebidas');
INSERT INTO CATEGORIAS VALUES('Comestibles','Todo tipo de comestibles');
INSERT INTO CATEGORIAS VALUES('Empaquetados','Productos en paquetes');
INSERT INTO CATEGORIAS VALUES('No empaquetados','Productos sueltos');
INSERT INTO CATEGORIAS VALUES('Panes','Todo tipo de panes');
INSERT INTO CATEGORIAS VALUES('FRUTAS Y VERDURAS','TODO TIPO DE FRUTAS Y VERDURAS');

--TABLA PERTENECE
INSERT INTO PERTENECE VALUES('Bebidas','A3H2J4H2H3J2');
INSERT INTO PERTENECE VALUES('Comestibles','H3J26DGHE3G2');
INSERT INTO PERTENECE VALUES('Empaquetados','J3J4J2JD8FJ3');
INSERT INTO PERTENECE VALUES('No empaquetados','5DG35SJ57SJ4');
INSERT INTO PERTENECE VALUES('Panes','H47SH36SL5G8');

--TABLA CARROS_COMPRAS
INSERT INTO CARROS_COMPRAS VALUES(1);
INSERT INTO CARROS_COMPRAS VALUES(2);
INSERT INTO CARROS_COMPRAS VALUES(3);
INSERT INTO CARROS_COMPRAS VALUES(4);
INSERT INTO CARROS_COMPRAS VALUES(5);

--TABLA CONTIENE
INSERT INTO CONTIENE VALUES('A3H2J4H2H3J2',1);
INSERT INTO CONTIENE VALUES('H3J26DGHE3G2',1);
INSERT INTO CONTIENE VALUES('J3J4J2JD8FJ3',2);
INSERT INTO CONTIENE VALUES('5DG35SJ57SJ4',3);
INSERT INTO CONTIENE VALUES('H47SH36SL5G8',3);

--TABLA CARRITO_DE
INSERT INTO CARRITO_DE VALUES('Alex23',1,'24/05/2021');
INSERT INTO CARRITO_DE VALUES('pascualll134',1,'24/05/2021');
INSERT INTO CARRITO_DE VALUES('jaunito1',2,'25/05/2021');
INSERT INTO CARRITO_DE VALUES('pedroGon32',3,'26/05/2021');
INSERT INTO CARRITO_DE VALUES('mArIa34',3,'26/05/2021');


COMMIT;






